牡丹亭,9.4,https://movie.douban.com/subject/4731050/,https://img1.doubanio.com/view/photo/s_ratio_poster/public/p2365538258.jpg

狐妖小红娘剧场版：月红篇,9.3,https://movie.douban.com/subject/26972694/,https://img3.doubanio.com/view/photo/s_ratio_poster/public/p2427045524.jpg

陆游与唐琬,9.3,https://movie.douban.com/subject/10877448/,https://img3.doubanio.com/lpic/s10480612.jpg

狐妖小红娘剧场版：王权富贵,9.2,https://movie.douban.com/subject/26946612/,https://img3.doubanio.com/view/photo/s_ratio_poster/public/p2409467410.jpg

花为媒,9.1,https://movie.douban.com/subject/2357317/,https://img1.doubanio.com/view/photo/s_ratio_poster/public/p2227822958.jpg

金花路5号,9.1,https://movie.douban.com/subject/2282452/,https://img3.doubanio.com/view/photo/s_ratio_poster/public/p1961367162.jpg

芙蓉镇,9.0,https://movie.douban.com/subject/1297880/,https://img3.doubanio.com/view/photo/s_ratio_poster/public/p2184544013.jpg

红楼梦,9.0,https://movie.douban.com/subject/1329969/,https://img3.doubanio.com/view/photo/s_ratio_poster/public/p2322451692.jpg

绝不松开我的拳头,9.0,https://movie.douban.com/subject/26199883/,https://img1.doubanio.com/view/photo/s_ratio_poster/public/p2207905589.jpg

控方证人,9.6,https://movie.douban.com/subject/1296141/,https://img1.doubanio.com/view/photo/s_ratio_poster/public/p1505392928.jpg

威尔和格蕾丝 告别秀,9.6,https://movie.douban.com/subject/2263259/,https://img1.doubanio.com/view/photo/s_ratio_poster/public/p2408281629.jpg

迈克尔·杰克逊：音乐历史专辑全集,9.6,https://movie.douban.com/subject/2122919/,https://img3.doubanio.com/lpic/s2541232.jpg

迈克尔·杰克逊：专辑历史记录第二辑,9.6,https://movie.douban.com/subject/1857382/,https://img1.doubanio.com/lpic/s4145497.jpg

演员工作室：老爸老妈的浪漫史,9.5,https://movie.douban.com/subject/25855990/,https://img3.doubanio.com/view/photo/s_ratio_poster/public/p2176444996.jpg

NBA黄金50周年纪念特辑,9.6,https://movie.douban.com/subject/3145883/,https://img3.doubanio.com/lpic/s3180872.jpg

天使在美国第二部：重建,9.6,https://movie.douban.com/subject/27045950/,https://img3.doubanio.com/view/photo/s_ratio_poster/public/p2474462430.jpg

阿甘正传,9.4,https://movie.douban.com/subject/1292720/,https://img1.doubanio.com/view/photo/s_ratio_poster/public/p510876377.jpg

福尔摩斯二世,9.4,https://movie.douban.com/subject/1303408/,https://img1.doubanio.com/view/photo/s_ratio_poster/public/p2206737207.jpg

snorks,9.4,https://movie.douban.com/subject/1863428/,https://img3.doubanio.com/lpic/s1796635.jpg

盗梦空间,9.3,https://movie.douban.com/subject/3541415/,https://img3.doubanio.com/view/photo/s_ratio_poster/public/p513344864.jpg

机器人总动员,9.3,https://movie.douban.com/subject/2131459/,https://img3.doubanio.com/view/photo/s_ratio_poster/public/p449665982.jpg

图兰朵,9.3,https://movie.douban.com/subject/11531648/,https://img3.doubanio.com/lpic/s11141666.jpg

泰坦尼克号,9.2,https://movie.douban.com/subject/1292722/,https://img3.doubanio.com/view/photo/s_ratio_poster/public/p457760035.jpg

海上钢琴师,9.2,https://movie.douban.com/subject/1292001/,https://img1.doubanio.com/view/photo/s_ratio_poster/public/p511146807.jpg

疯狂动物城,9.2,https://movie.douban.com/subject/25662329/,https://img1.doubanio.com/view/photo/s_ratio_poster/public/p2315672647.jpg

乱世佳人,9.2,https://movie.douban.com/subject/1300267/,https://img3.doubanio.com/view/photo/s_ratio_poster/public/p1963126880.jpg

摩登时代,9.2,https://movie.douban.com/subject/1294371/,https://img3.doubanio.com/view/photo/s_ratio_poster/public/p2173707976.jpg

城市之光,9.2,https://movie.douban.com/subject/1293908/,https://img3.doubanio.com/view/photo/s_ratio_poster/public/p2099815842.jpg

生活多美好,9.2,https://movie.douban.com/subject/1293749/,https://img1.doubanio.com/view/photo/s_ratio_poster/public/p771490367.jpg

你逃我也逃,9.2,https://movie.douban.com/subject/1303418/,https://img3.doubanio.com/view/photo/s_ratio_poster/public/p1339915772.jpg

请以你的名字呼唤我,9.1,https://movie.douban.com/subject/26799731/,https://img3.doubanio.com/view/photo/s_ratio_poster/public/p2505525050.jpg

A Very Gaga Thanksgiving,9.2,https://movie.douban.com/subject/7001285/,https://img1.doubanio.com/lpic/s7009578.jpg

天旋地转,9.2,https://movie.douban.com/subject/5150857/,https://img3.doubanio.com/lpic/s11164566.jpg

AFI终身成就奖：向梅丽尔·斯特里普致敬,9.2,https://movie.douban.com/subject/5217322/,https://img1.doubanio.com/lpic/s4475928.jpg

饮食男女,9.1,https://movie.douban.com/subject/1291818/,https://img3.doubanio.com/view/photo/s_ratio_poster/public/p1910899751.jpg

美国往事,9.1,https://movie.douban.com/subject/1292262/,https://img1.doubanio.com/view/photo/s_ratio_poster/public/p477229647.jpg

暴力云与送子鹳,9.1,https://movie.douban.com/subject/3734350/,https://img3.doubanio.com/view/photo/s_ratio_poster/public/p449756673.jpg

马戏团,9.1,https://movie.douban.com/subject/1299628/,https://img3.doubanio.com/view/photo/s_ratio_poster/public/p2248445275.jpg

卡门,9.1,https://movie.douban.com/subject/1448669/,https://img3.doubanio.com/view/photo/s_ratio_poster/public/p2500317262.jpg

人人都爱雷蒙德: 最后的笑声,9.1,https://movie.douban.com/subject/3290527/,https://img3.doubanio.com/lpic/s3353335.jpg

吉屋出租：百老汇剧场版,9.1,https://movie.douban.com/subject/24857754/,https://img1.doubanio.com/view/photo/s_ratio_poster/public/p2037132488.jpg

艾蒂与茜雅：漫长婚约,9.1,https://movie.douban.com/subject/4152738/,https://img3.doubanio.com/view/photo/s_ratio_poster/public/p1509382174.jpg

博士的女伴,9.1,https://movie.douban.com/subject/11625156/,https://img1.doubanio.com/lpic/s11282609.jpg

虎王归来,9.2,https://movie.douban.com/subject/24849943/,https://img3.doubanio.com/view/photo/s_ratio_poster/public/p2029447346.jpg

Josh Groban in Concert,9.1,https://movie.douban.com/subject/3004300/,https://img3.doubanio.com/lpic/s2959556.jpg

淘金记,9.0,https://movie.douban.com/subject/1298817/,https://img3.doubanio.com/view/photo/s_ratio_poster/public/p1581774481.jpg

将军号,9.0,https://movie.douban.com/subject/1292778/,https://img3.doubanio.com/view/photo/s_ratio_poster/public/p2248676081.jpg

稻草人,9.0,https://movie.douban.com/subject/1867778/,https://img1.doubanio.com/view/photo/s_ratio_poster/public/p2503556327.jpg

双X：这个游戏的名称,9.0,https://movie.douban.com/subject/1294819/,https://img3.doubanio.com/lpic/s3932346.jpg

Titanic: Breaking New Ground,9.0,https://movie.douban.com/subject/10553302/,https://img3.doubanio.com/view/photo/s_ratio_poster/public/p1469563182.jpg

爱的奇迹,9.0,https://movie.douban.com/subject/2119286/,https://img3.doubanio.com/lpic/s2511581.jpg

比才：卡门,9.0,https://movie.douban.com/subject/20379214/,https://img3.doubanio.com/view/photo/s_ratio_poster/public/p2160380844.jpg

Michel Gondry 2: More Videos,9.0,https://movie.douban.com/subject/3872558/,https://img3.doubanio.com/lpic/s3892911.jpg

霸王别姬,9.5,https://movie.douban.com/subject/1291546/,https://img3.doubanio.com/view/photo/s_ratio_poster/public/p1910813120.jpg

紫钗记,9.3,https://movie.douban.com/subject/1401219/,https://img1.doubanio.com/view/photo/s_ratio_poster/public/p2274298717.jpg

大话西游之大圣娶亲,9.2,https://movie.douban.com/subject/1292213/,https://img3.doubanio.com/view/photo/s_ratio_poster/public/p2455050536.jpg

幸福的旁边,9.2,https://movie.douban.com/subject/26879897/,https://img3.doubanio.com/view/photo/s_ratio_poster/public/p2503447611.jpg

蝶影红梨记,9.4,https://movie.douban.com/subject/4047730/,https://img1.doubanio.com/lpic/s3988308.jpg

南海十三郎,9.1,https://movie.douban.com/subject/1303913/,https://img1.doubanio.com/view/photo/s_ratio_poster/public/p2328424489.jpg

上海滩,9.0,https://movie.douban.com/subject/6311260/,https://img3.doubanio.com/view/photo/s_ratio_poster/public/p2344833803.jpg

莫文蔚: 好莫文蔚巡迴演唱會,9.5,https://movie.douban.com/subject/4314336/,https://img3.doubanio.com/lpic/s4199506.jpg

冲天,9.2,https://movie.douban.com/subject/26602234/,https://img3.doubanio.com/view/photo/s_ratio_poster/public/p2279974285.jpg

饮食男女,9.1,https://movie.douban.com/subject/1291818/,https://img3.doubanio.com/view/photo/s_ratio_poster/public/p1910899751.jpg

KinKi Kids ～硝子の少年達の「今」～,9.7,https://movie.douban.com/subject/26920950/,https://img1.doubanio.com/view/photo/s_ratio_poster/public/p2399937958.jpg

Me and My Girl,9.5,https://movie.douban.com/subject/11577118/,https://img3.doubanio.com/lpic/s11169045.jpg

北国之恋：1987初恋,9.5,https://movie.douban.com/subject/3794147/,https://img3.doubanio.com/view/photo/s_ratio_poster/public/p2472830331.jpg

北国之恋：1989归乡,9.5,https://movie.douban.com/subject/3794149/,https://img3.doubanio.com/lpic/s4657020.jpg

飄,9.5,https://movie.douban.com/subject/26555978/,https://img3.doubanio.com/view/photo/s_ratio_poster/public/p2256610543.jpg

奥丁领域,9.5,https://movie.douban.com/subject/5450837/,https://img3.doubanio.com/view/photo/s_ratio_poster/public/p784512610.jpg

回忆积木小屋,9.3,https://movie.douban.com/subject/3560787/,https://img3.doubanio.com/view/photo/s_ratio_poster/public/p2205961264.jpg

千与千寻,9.2,https://movie.douban.com/subject/1291561/,https://img3.doubanio.com/view/photo/s_ratio_poster/public/p1910830216.jpg

最完美的离婚 2014特别篇,9.1,https://movie.douban.com/subject/25790749/,https://img1.doubanio.com/view/photo/s_ratio_poster/public/p2186872257.jpg

女人步上楼梯时,9.1,https://movie.douban.com/subject/1419479/,https://img3.doubanio.com/view/photo/s_ratio_poster/public/p2462525755.jpg

命运石之门：横行跋扈的浪荡之徒,9.1,https://movie.douban.com/subject/10521690/,https://img3.doubanio.com/view/photo/s_ratio_poster/public/p1432532161.jpg

倒数第二次恋爱 2012秋SP,9.1,https://movie.douban.com/subject/19955789/,https://img3.doubanio.com/view/photo/s_ratio_poster/public/p1998695160.jpg

情迷意乱,9.1,https://movie.douban.com/subject/1422091/,https://img3.doubanio.com/view/photo/s_ratio_poster/public/p1449763371.jpg

蜂蜜与四叶草 LF特别篇,9.1,https://movie.douban.com/subject/6733294/,https://img1.doubanio.com/lpic/s6784869.jpg

天空之城,9.0,https://movie.douban.com/subject/1291583/,https://img1.doubanio.com/view/photo/s_ratio_poster/public/p1446261379.jpg

元气少女缘结神OVA：神明 幸福美满,9.0,https://movie.douban.com/subject/26899000/,https://img3.doubanio.com/view/photo/s_ratio_poster/public/p2391890320.jpg

高智能方程式赛车 TV总集篇,9.0,https://movie.douban.com/subject/4906417/,https://img3.doubanio.com/lpic/s4412555.jpg

放浪男孩OVA 告白 ～Each Seasons～,9.0,https://movie.douban.com/subject/6902342/,https://img1.doubanio.com/lpic/s6975477.jpg

乱莺,9.0,https://movie.douban.com/subject/26897405/,https://img3.doubanio.com/view/photo/s_ratio_poster/public/p2461995492.jpg

我爱你,9.0,https://movie.douban.com/subject/5908478/,https://img1.doubanio.com/view/photo/s_ratio_poster/public/p1075591188.jpg

地球脉动2：奇迹世界,9.8,https://movie.douban.com/subject/27087625/,https://img3.doubanio.com/view/photo/s_ratio_poster/public/p2508258590.jpg

剧院魅影：25周年纪念演出,9.7,https://movie.douban.com/subject/24751811/,https://img3.doubanio.com/view/photo/s_ratio_poster/public/p2006533765.jpg

天使在美国第二部：重建,9.6,https://movie.douban.com/subject/27045950/,https://img3.doubanio.com/view/photo/s_ratio_poster/public/p2474462430.jpg

飄,9.5,https://movie.douban.com/subject/26555978/,https://img3.doubanio.com/view/photo/s_ratio_poster/public/p2256610543.jpg

唐顿庄园：2015圣诞特别篇,9.4,https://movie.douban.com/subject/26320001/,https://img3.doubanio.com/view/photo/s_ratio_poster/public/p2292519115.jpg

天鹅湖,9.4,https://movie.douban.com/subject/1421850/,https://img3.doubanio.com/lpic/s4388292.jpg

吉塞尔,9.5,https://movie.douban.com/subject/5156658/,https://img1.doubanio.com/view/photo/s_ratio_poster/public/p2253932817.jpg

snorks,9.4,https://movie.douban.com/subject/1863428/,https://img3.doubanio.com/lpic/s1796635.jpg

盗梦空间,9.3,https://movie.douban.com/subject/3541415/,https://img3.doubanio.com/view/photo/s_ratio_poster/public/p513344864.jpg

极品基老伴：完结篇,9.3,https://movie.douban.com/subject/26700818/,https://img3.doubanio.com/view/photo/s_ratio_poster/public/p2360539785.jpg

凡人与超人,9.3,https://movie.douban.com/subject/26637930/,https://img3.doubanio.com/view/photo/s_ratio_poster/public/p2342687224.jpg

无事生非 (2011年伦敦Wyndham剧院版),9.3,https://movie.douban.com/subject/26763132/,https://img1.doubanio.com/view/photo/s_ratio_poster/public/p2328040727.jpg

唐顿庄园：2011圣诞特别篇,9.2,https://movie.douban.com/subject/6870362/,https://img1.doubanio.com/view/photo/s_ratio_poster/public/p1711501188.jpg

极品基老伴：2013圣诞特辑,9.2,https://movie.douban.com/subject/25758898/,https://img3.doubanio.com/view/photo/s_ratio_poster/public/p2187166976.jpg

危险关系,9.1,https://movie.douban.com/subject/26745571/,https://img3.doubanio.com/view/photo/s_ratio_poster/public/p2328681271.jpg

清秀佳人第二部,9.2,https://movie.douban.com/subject/5047697/,https://img1.doubanio.com/lpic/s9042667.jpg

皆大欢喜,9.2,https://movie.douban.com/subject/25795905/,https://img3.doubanio.com/view/photo/s_ratio_poster/public/p2163632711.jpg

博士的女伴,9.1,https://movie.douban.com/subject/11625156/,https://img1.doubanio.com/lpic/s11282609.jpg

影子大地,9.1,https://movie.douban.com/subject/1299515/,https://img3.doubanio.com/view/photo/s_ratio_poster/public/p2427877973.jpg

虎王归来,9.2,https://movie.douban.com/subject/24849943/,https://img3.doubanio.com/view/photo/s_ratio_poster/public/p2029447346.jpg

双X：这个游戏的名称,9.0,https://movie.douban.com/subject/1294819/,https://img3.doubanio.com/lpic/s3932346.jpg

天鹅湖,8.9,https://movie.douban.com/subject/23375646/,https://img3.doubanio.com/view/photo/s_ratio_poster/public/p1926387265.jpg

柴可夫斯基芭蕾舞剧：胡桃夹子,9.0,https://movie.douban.com/subject/3541997/,https://img3.doubanio.com/view/photo/s_ratio_poster/public/p2327920276.jpg

爱的奇迹,9.0,https://movie.douban.com/subject/2119286/,https://img3.doubanio.com/lpic/s2511581.jpg

胡桃夹子,9.0,https://movie.douban.com/subject/5157309/,https://img3.doubanio.com/lpic/s6990033.jpg

法老的女儿,9.5,https://movie.douban.com/subject/1899210/,https://img3.doubanio.com/lpic/s1880254.jpg

这个杀手不太冷,9.4,https://movie.douban.com/subject/1295644/,https://img3.doubanio.com/view/photo/s_ratio_poster/public/p511118051.jpg

吉塞尔,9.5,https://movie.douban.com/subject/5156658/,https://img1.doubanio.com/view/photo/s_ratio_poster/public/p2253932817.jpg

巴黎圣母院,9.3,https://movie.douban.com/subject/20326557/,https://img3.doubanio.com/view/photo/s_ratio_poster/public/p2329626263.jpg

罗密欧与朱丽叶,9.3,https://movie.douban.com/subject/25928148/,https://img3.doubanio.com/view/photo/s_ratio_poster/public/p2224933614.jpg

请以你的名字呼唤我,9.1,https://movie.douban.com/subject/26799731/,https://img3.doubanio.com/view/photo/s_ratio_poster/public/p2505525050.jpg

天堂电影院,9.1,https://movie.douban.com/subject/1291828/,https://img3.doubanio.com/view/photo/s_ratio_poster/public/p1910901025.jpg

卡门,9.1,https://movie.douban.com/subject/1448669/,https://img3.doubanio.com/view/photo/s_ratio_poster/public/p2500317262.jpg

阿德尔曼夫妇,9.1,https://movie.douban.com/subject/26951692/,https://img3.doubanio.com/view/photo/s_ratio_poster/public/p2417978591.jpg

沉静如海,9.0,https://movie.douban.com/subject/1769507/,https://img3.doubanio.com/view/photo/s_ratio_poster/public/p2365157916.jpg

卡比利亚之夜,9.0,https://movie.douban.com/subject/1294781/,https://img3.doubanio.com/view/photo/s_ratio_poster/public/p922159253.jpg

柴可夫斯基芭蕾舞剧：胡桃夹子,9.0,https://movie.douban.com/subject/3541997/,https://img3.doubanio.com/view/photo/s_ratio_poster/public/p2327920276.jpg

爱尔丝小姐,9.0,https://movie.douban.com/subject/2084602/,https://img1.doubanio.com/lpic/s6470237.jpg

Michel Gondry 2: More Videos,9.0,https://movie.douban.com/subject/3872558/,https://img3.doubanio.com/lpic/s3892911.jpg

伊丽莎白,9.6,https://movie.douban.com/subject/24877005/,https://img3.doubanio.com/view/photo/s_ratio_poster/public/p2264336223.jpg

芭蕾电影《吉赛尔》,9.3,https://movie.douban.com/subject/1797540/,https://img3.doubanio.com/lpic/s1667580.jpg

祖母的照相馆,9.2,https://movie.douban.com/subject/11587751/,https://img3.doubanio.com/view/photo/s_ratio_poster/public/p1659366674.jpg

费加罗的婚礼,9.1,https://movie.douban.com/subject/1797500/,https://img1.doubanio.com/view/photo/s_ratio_poster/public/p2272483089.jpg

沉静如海,9.0,https://movie.douban.com/subject/1769507/,https://img3.doubanio.com/view/photo/s_ratio_poster/public/p2365157916.jpg

爱的奇迹,9.0,https://movie.douban.com/subject/2119286/,https://img3.doubanio.com/lpic/s2511581.jpg

爱尔丝小姐,9.0,https://movie.douban.com/subject/2084602/,https://img1.doubanio.com/lpic/s6470237.jpg

美丽人生,9.5,https://movie.douban.com/subject/1292063/,https://img3.doubanio.com/view/photo/s_ratio_poster/public/p510861873.jpg

灿烂人生,9.3,https://movie.douban.com/subject/1291831/,https://img3.doubanio.com/view/photo/s_ratio_poster/public/p1161132422.jpg

图兰朵,9.3,https://movie.douban.com/subject/11531648/,https://img3.doubanio.com/lpic/s11141666.jpg

海上钢琴师,9.2,https://movie.douban.com/subject/1292001/,https://img1.doubanio.com/view/photo/s_ratio_poster/public/p511146807.jpg

请以你的名字呼唤我,9.1,https://movie.douban.com/subject/26799731/,https://img3.doubanio.com/view/photo/s_ratio_poster/public/p2505525050.jpg

天堂电影院,9.1,https://movie.douban.com/subject/1291828/,https://img3.doubanio.com/view/photo/s_ratio_poster/public/p1910901025.jpg

美国往事,9.1,https://movie.douban.com/subject/1292262/,https://img1.doubanio.com/view/photo/s_ratio_poster/public/p477229647.jpg

费加罗的婚礼,9.1,https://movie.douban.com/subject/1797500/,https://img1.doubanio.com/view/photo/s_ratio_poster/public/p2272483089.jpg

卡比利亚之夜,9.0,https://movie.douban.com/subject/1294781/,https://img3.doubanio.com/view/photo/s_ratio_poster/public/p922159253.jpg

三傻大闹宝莱坞,9.1,https://movie.douban.com/subject/3793023/,https://img3.doubanio.com/view/photo/s_ratio_poster/public/p579729551.jpg

爱的奇迹,9.0,https://movie.douban.com/subject/2119286/,https://img3.doubanio.com/lpic/s2511581.jpg

战争与和平2：娜塔莎·罗斯托娃,9.1,https://movie.douban.com/subject/1303712/,https://img3.doubanio.com/lpic/s11185314.jpg

士兵之歌,9.0,https://movie.douban.com/subject/1295614/,https://img1.doubanio.com/view/photo/s_ratio_poster/public/p806332287.jpg

柴可夫斯基芭蕾舞剧：胡桃夹子,9.0,https://movie.douban.com/subject/3541997/,https://img3.doubanio.com/view/photo/s_ratio_poster/public/p2327920276.jpg

喀山孤兒,9.0,https://movie.douban.com/subject/4040438/,https://img3.doubanio.com/lpic/s3982254.jpg

清秀佳人第二部,9.2,https://movie.douban.com/subject/5047697/,https://img1.doubanio.com/lpic/s9042667.jpg

绝不松开我的拳头,9.0,https://movie.douban.com/subject/26199883/,https://img1.doubanio.com/view/photo/s_ratio_poster/public/p2207905589.jpg

请以你的名字呼唤我,9.1,https://movie.douban.com/subject/26799731/,https://img3.doubanio.com/view/photo/s_ratio_poster/public/p2505525050.jpg

岁城璃心-鬼蜮咒原,9.0,https://movie.douban.com/subject/26298852/,https://img3.doubanio.com/view/photo/s_ratio_poster/public/p2243669803.jpg

魔法门之英雄无敌3：死亡阴影,9.4,https://movie.douban.com/subject/4935231/,https://img3.doubanio.com/lpic/s4432480.jpg

疑犯追踪 试播集,9.4,https://movie.douban.com/subject/24700683/,https://img1.doubanio.com/view/photo/s_ratio_poster/public/p1974739828.jpg

盗梦空间,9.3,https://movie.douban.com/subject/3541415/,https://img3.doubanio.com/view/photo/s_ratio_poster/public/p513344864.jpg

UFC一百场最伟大的比赛,9.3,https://movie.douban.com/subject/4169014/,https://img1.doubanio.com/lpic/s4077247.jpg

守望先锋：荣耀,9.2,https://movie.douban.com/subject/27191474/,https://img3.doubanio.com/view/photo/s_ratio_poster/public/p2507062050.jpg

疯狂动物城,9.2,https://movie.douban.com/subject/25662329/,https://img1.doubanio.com/view/photo/s_ratio_poster/public/p2315672647.jpg

教父,9.2,https://movie.douban.com/subject/1291841/,https://img3.doubanio.com/view/photo/s_ratio_poster/public/p2190556185.jpg

守望先锋：双龙,9.3,https://movie.douban.com/subject/26860017/,https://img3.doubanio.com/view/photo/s_ratio_poster/public/p2417863546.jpg

王的哲♂学摔跤,9.2,https://movie.douban.com/subject/2245557/,https://img3.doubanio.com/view/photo/s_ratio_poster/public/p2180258143.jpg

天旋地转,9.2,https://movie.douban.com/subject/5150857/,https://img3.doubanio.com/lpic/s11164566.jpg

指环王3：王者无敌,9.1,https://movie.douban.com/subject/1291552/,https://img3.doubanio.com/view/photo/s_ratio_poster/public/p1910825503.jpg

两杆大烟枪,9.1,https://movie.douban.com/subject/1293350/,https://img1.doubanio.com/view/photo/s_ratio_poster/public/p792443418.jpg

教父2,9.1,https://movie.douban.com/subject/1299131/,https://img1.doubanio.com/view/photo/s_ratio_poster/public/p2194138787.jpg

黄金三镖客,9.1,https://movie.douban.com/subject/1401118/,https://img1.doubanio.com/view/photo/s_ratio_poster/public/p2101693489.jpg

攀登梅鲁峰,9.1,https://movie.douban.com/subject/26276373/,https://img3.doubanio.com/view/photo/s_ratio_poster/public/p2286660380.jpg

德鲁大叔,9.2,https://movie.douban.com/subject/26665408/,https://img3.doubanio.com/view/photo/s_ratio_poster/public/p2401288743.jpg

梦之帝国：星球大战三部曲的故事,9.1,https://movie.douban.com/subject/3429411/,https://img3.doubanio.com/lpic/s3556582.jpg

蝙蝠侠：黑暗骑士,9.0,https://movie.douban.com/subject/1851857/,https://img3.doubanio.com/view/photo/s_ratio_poster/public/p462657443.jpg

将军号,9.0,https://movie.douban.com/subject/1292778/,https://img3.doubanio.com/view/photo/s_ratio_poster/public/p2248676081.jpg

稻草人,9.0,https://movie.douban.com/subject/1867778/,https://img1.doubanio.com/view/photo/s_ratio_poster/public/p2503556327.jpg

李小龙：勇士的旅程,9.0,https://movie.douban.com/subject/1305710/,https://img3.doubanio.com/view/photo/s_ratio_poster/public/p2267330935.jpg

双X：这个游戏的名称,9.0,https://movie.douban.com/subject/1294819/,https://img3.doubanio.com/lpic/s3932346.jpg

救援,9.0,https://movie.douban.com/subject/26584512/,https://img1.doubanio.com/view/photo/s_ratio_poster/public/p2260451878.jpg

大话西游之大圣娶亲,9.2,https://movie.douban.com/subject/1292213/,https://img3.doubanio.com/view/photo/s_ratio_poster/public/p2455050536.jpg

无间道,9.0,https://movie.douban.com/subject/1307914/,https://img3.doubanio.com/view/photo/s_ratio_poster/public/p2233971046.jpg

上海滩,9.0,https://movie.douban.com/subject/6311260/,https://img3.doubanio.com/view/photo/s_ratio_poster/public/p2344833803.jpg

李小龙：勇士的旅程,9.0,https://movie.douban.com/subject/1305710/,https://img3.doubanio.com/view/photo/s_ratio_poster/public/p2267330935.jpg

新世纪福音战士剧场版：Air/真心为你,9.4,https://movie.douban.com/subject/1308892/,https://img1.doubanio.com/view/photo/s_ratio_poster/public/p2199653749.jpg

银魂完结篇：直到永远的万事屋,9.3,https://movie.douban.com/subject/11615927/,https://img3.doubanio.com/view/photo/s_ratio_poster/public/p2258024316.jpg

七武士,9.2,https://movie.douban.com/subject/1295399/,https://img3.doubanio.com/view/photo/s_ratio_poster/public/p647099823.jpg

福音战士新剧场版：破,9.2,https://movie.douban.com/subject/2567646/,https://img3.doubanio.com/view/photo/s_ratio_poster/public/p1026522114.jpg

新世纪福音战士剧场版：死与新生,9.2,https://movie.douban.com/subject/1455442/,https://img3.doubanio.com/view/photo/s_ratio_poster/public/p2250120322.jpg

切腹,9.2,https://movie.douban.com/subject/1304920/,https://img3.doubanio.com/view/photo/s_ratio_poster/public/p2151748293.jpg

攻壳机动队SAC 2nd GIG：个别的十一人,9.2,https://movie.douban.com/subject/2352020/,https://img3.doubanio.com/view/photo/s_ratio_poster/public/p2497028401.jpg

新世纪福音战士剧场版：复兴,9.2,https://movie.douban.com/subject/20458867/,https://img3.doubanio.com/view/photo/s_ratio_poster/public/p2227584460.jpg

福音战士新剧场版：序,9.1,https://movie.douban.com/subject/1968790/,https://img3.doubanio.com/view/photo/s_ratio_poster/public/p453715063.jpg

银魂剧场版：新译红樱篇,9.1,https://movie.douban.com/subject/4122194/,https://img3.doubanio.com/view/photo/s_ratio_poster/public/p612363092.jpg

攻壳机动队SAC：笑面男,9.1,https://movie.douban.com/subject/2078804/,https://img1.doubanio.com/view/photo/s_ratio_poster/public/p2207164758.jpg

天元突破剧场版：螺岩篇,9.1,https://movie.douban.com/subject/3727748/,https://img3.doubanio.com/view/photo/s_ratio_poster/public/p937216094.jpg

攻壳机动队2：无罪,9.0,https://movie.douban.com/subject/1291566/,https://img1.doubanio.com/view/photo/s_ratio_poster/public/p453466108.jpg

空之境界 第七章 杀人考察（后）,9.0,https://movie.douban.com/subject/3399553/,https://img3.doubanio.com/view/photo/s_ratio_poster/public/p2202703811.jpg

机动战士高达：逆袭的夏亚,9.0,https://movie.douban.com/subject/1401536/,https://img3.doubanio.com/view/photo/s_ratio_poster/public/p546980785.jpg

少女与战车 剧场版,9.0,https://movie.douban.com/subject/24460604/,https://img1.doubanio.com/view/photo/s_ratio_poster/public/p2290872319.jpg

海贼王梅利篇：另一名同伴的故事,9.0,https://movie.douban.com/subject/25711544/,https://img3.doubanio.com/view/photo/s_ratio_poster/public/p2107245311.jpg

赛文奥特曼 我是地球人,9.0,https://movie.douban.com/subject/5041031/,https://img3.doubanio.com/lpic/s4444833.jpg

乱莺,9.0,https://movie.douban.com/subject/26897405/,https://img3.doubanio.com/view/photo/s_ratio_poster/public/p2461995492.jpg

盗梦空间,9.3,https://movie.douban.com/subject/3541415/,https://img3.doubanio.com/view/photo/s_ratio_poster/public/p513344864.jpg

神秘博士：时间冲撞,9.2,https://movie.douban.com/subject/4188543/,https://img1.doubanio.com/lpic/s6788929.jpg

两杆大烟枪,9.1,https://movie.douban.com/subject/1293350/,https://img1.doubanio.com/view/photo/s_ratio_poster/public/p792443418.jpg

蝙蝠侠：黑暗骑士,9.0,https://movie.douban.com/subject/1851857/,https://img3.doubanio.com/view/photo/s_ratio_poster/public/p462657443.jpg

李小龙：勇士的旅程,9.0,https://movie.douban.com/subject/1305710/,https://img3.doubanio.com/view/photo/s_ratio_poster/public/p2267330935.jpg

双X：这个游戏的名称,9.0,https://movie.douban.com/subject/1294819/,https://img3.doubanio.com/lpic/s3932346.jpg

怒海英雄：公爵夫人与恶魔,9.0,https://movie.douban.com/subject/1889695/,https://img3.doubanio.com/view/photo/s_ratio_poster/public/p2278607774.jpg

这个杀手不太冷,9.4,https://movie.douban.com/subject/1295644/,https://img3.doubanio.com/view/photo/s_ratio_poster/public/p511118051.jpg

98世界杯之旅,9.0,https://movie.douban.com/subject/1998756/,https://img1.doubanio.com/lpic/s2159708.jpg

从海底出击,9.0,https://movie.douban.com/subject/1293909/,https://img3.doubanio.com/view/photo/s_ratio_poster/public/p2088879323.jpg

黄金三镖客,9.1,https://movie.douban.com/subject/1401118/,https://img1.doubanio.com/view/photo/s_ratio_poster/public/p2101693489.jpg

黄金三镖客,9.1,https://movie.douban.com/subject/1401118/,https://img1.doubanio.com/view/photo/s_ratio_poster/public/p2101693489.jpg

攀登梅鲁峰,9.1,https://movie.douban.com/subject/26276373/,https://img3.doubanio.com/view/photo/s_ratio_poster/public/p2286660380.jpg

越过太平洋,9.3,https://movie.douban.com/subject/4189651/,https://img3.doubanio.com/view/photo/s_ratio_poster/public/p2232262374.jpg

金花路5号,9.1,https://movie.douban.com/subject/2282452/,https://img3.doubanio.com/view/photo/s_ratio_poster/public/p1961367162.jpg

绝不松开我的拳头,9.0,https://movie.douban.com/subject/26199883/,https://img1.doubanio.com/view/photo/s_ratio_poster/public/p2207905589.jpg

流浪狗小黄的故事,9.0,https://movie.douban.com/subject/4886322/,https://img3.doubanio.com/lpic/s4410260.jpg

创造哈利·波特的世界：成长,9.6,https://movie.douban.com/subject/20514888/,https://img3.doubanio.com/lpic/s24611375.jpg

创造哈利·波特的世界：故事,9.5,https://movie.douban.com/subject/20514889/,https://img3.doubanio.com/lpic/s24611376.jpg

阿甘正传,9.4,https://movie.douban.com/subject/1292720/,https://img1.doubanio.com/view/photo/s_ratio_poster/public/p510876377.jpg

拽妹黛薇儿要上大学了没,9.4,https://movie.douban.com/subject/2054458/,https://img3.doubanio.com/lpic/s2372970.jpg

博弈论,9.4,https://movie.douban.com/subject/3272459/,https://img3.doubanio.com/lpic/s4495422.jpg

In Transit,9.4,https://movie.douban.com/subject/4145521/,https://img3.doubanio.com/lpic/s4061960.jpg

达拉斯小牛——2011年NBA总冠军历程,9.3,https://movie.douban.com/subject/6710820/,https://img1.doubanio.com/lpic/s6767289.jpg

诱惑乐队,9.3,https://movie.douban.com/subject/2138114/,https://img3.doubanio.com/lpic/s2572066.jpg

关于生活：台湾新电影和杨德昌,9.3,https://movie.douban.com/subject/2139310/,https://img1.doubanio.com/view/photo/s_ratio_poster/public/p2502442177.jpg

请以你的名字呼唤我,9.1,https://movie.douban.com/subject/26799731/,https://img3.doubanio.com/view/photo/s_ratio_poster/public/p2505525050.jpg

拽妹黛薇儿之暑假要结束了没,9.2,https://movie.douban.com/subject/2054560/,https://img1.doubanio.com/lpic/s2373108.jpg

哈利·波特系列的50个精彩瞬间,9.1,https://movie.douban.com/subject/6758119/,https://img1.doubanio.com/view/photo/s_ratio_poster/public/p2184324569.jpg

鳄鱼波鞋走天涯,9.1,https://movie.douban.com/subject/1301811/,https://img3.doubanio.com/view/photo/s_ratio_poster/public/p2188484411.jpg

孤身绝壁,9.2,https://movie.douban.com/subject/6738779/,https://img1.doubanio.com/view/photo/s_ratio_poster/public/p2231742067.jpg

吉屋出租：百老汇剧场版,9.1,https://movie.douban.com/subject/24857754/,https://img1.doubanio.com/view/photo/s_ratio_poster/public/p2037132488.jpg

十三个原因：幕后故事,9.1,https://movie.douban.com/subject/27025842/,https://img3.doubanio.com/view/photo/s_ratio_poster/public/p2497125492.jpg

珍珠果酱二十年,9.1,https://movie.douban.com/subject/3673932/,https://img3.doubanio.com/view/photo/s_ratio_poster/public/p1226235552.jpg

日本高中棒球联赛,9.1,https://movie.douban.com/subject/3777820/,https://img3.doubanio.com/lpic/s3821340.jpg

情同手足黑猩猩,9.1,https://movie.douban.com/subject/2063940/,https://img3.doubanio.com/lpic/s2385235.jpg

哈利波特同人音乐剧 第二部,9.0,https://movie.douban.com/subject/6958656/,https://img1.doubanio.com/lpic/s7035829.jpg

小小宠物店,9.1,https://movie.douban.com/subject/3759539/,https://img3.doubanio.com/lpic/s3805752.jpg

荒野求生：威尔·法莱尔特别篇,9.0,https://movie.douban.com/subject/4306370/,https://img3.doubanio.com/f/movie/30c6263b6db26d055cbbe73fe653e29014142ea3/pics/movie/movie_default_large.png

全美街舞达人：十大最佳表演,9.0,https://movie.douban.com/subject/4016814/,https://img1.doubanio.com/lpic/s3982959.jpg

流浪狗小黄的故事,9.0,https://movie.douban.com/subject/4886322/,https://img3.doubanio.com/lpic/s4410260.jpg

爵士浮生,9.0,https://movie.douban.com/subject/2362701/,https://img3.doubanio.com/lpic/s3583330.jpg

流浪狗小黄的故事,9.0,https://movie.douban.com/subject/4886322/,https://img3.doubanio.com/lpic/s4410260.jpg

摇滚本事,9.4,https://movie.douban.com/subject/3737081/,https://img1.doubanio.com/view/photo/s_ratio_poster/public/p2187058068.jpg

现场·战场·梦工厂,9.4,https://movie.douban.com/subject/24719141/,https://img3.doubanio.com/view/photo/s_ratio_poster/public/p2153459184.jpg

关于生活：台湾新电影和杨德昌,9.3,https://movie.douban.com/subject/2139310/,https://img1.doubanio.com/view/photo/s_ratio_poster/public/p2502442177.jpg

生命之歌~战后70年~,9.6,https://movie.douban.com/subject/26584809/,https://img1.doubanio.com/view/photo/s_ratio_poster/public/p2260517798.jpg

《双斩少女》是怎么炼成的 制作贴身采访500天,9.3,https://movie.douban.com/subject/26020815/,https://img3.doubanio.com/view/photo/s_ratio_poster/public/p2202003244.jpg

CNBLUE 的故事：永不停止,9.3,https://movie.douban.com/subject/25769877/,https://img1.doubanio.com/view/photo/s_ratio_poster/public/p2158685039.jpg

蜂蜜与四叶草 LF特别篇,9.1,https://movie.douban.com/subject/6733294/,https://img1.doubanio.com/lpic/s6784869.jpg

棒球大联盟OVA：向着梦的瞬间,9.1,https://movie.douban.com/subject/10001433/,https://img3.doubanio.com/view/photo/s_ratio_poster/public/p2257394631.jpg

日本高中棒球联赛,9.1,https://movie.douban.com/subject/3777820/,https://img3.doubanio.com/lpic/s3821340.jpg

无人知晓,9.0,https://movie.douban.com/subject/1292337/,https://img3.doubanio.com/view/photo/s_ratio_poster/public/p661160053.jpg

凉宫春日的消失,9.0,https://movie.douban.com/subject/4074292/,https://img3.doubanio.com/view/photo/s_ratio_poster/public/p2246432125.jpg

木更津猫眼 世界系列,9.0,https://movie.douban.com/subject/1793394/,https://img3.doubanio.com/view/photo/s_ratio_poster/public/p764157116.jpg

少女与战车 剧场版,9.0,https://movie.douban.com/subject/24460604/,https://img1.doubanio.com/view/photo/s_ratio_poster/public/p2290872319.jpg

阿滋漫画大王 短篇电影,9.0,https://movie.douban.com/subject/2239631/,https://img3.doubanio.com/lpic/s2678594.jpg

高智能方程式赛车 TV总集篇,9.0,https://movie.douban.com/subject/4906417/,https://img3.doubanio.com/lpic/s4412555.jpg

最游记外传OVA第三卷：萌芽之章,9.0,https://movie.douban.com/subject/25703568/,https://img1.doubanio.com/view/photo/s_ratio_poster/public/p2096699907.jpg

放浪男孩OVA 告白 ～Each Seasons～,9.0,https://movie.douban.com/subject/6902342/,https://img1.doubanio.com/lpic/s6975477.jpg

新世纪福音战士 第0:0话 诞生之始,9.0,https://movie.douban.com/subject/26306741/,https://img3.doubanio.com/view/photo/s_ratio_poster/public/p2222846543.jpg

CNBLUE 的故事：永不停止,9.3,https://movie.douban.com/subject/25769877/,https://img1.doubanio.com/view/photo/s_ratio_poster/public/p2158685039.jpg

创造哈利·波特的世界：成长,9.6,https://movie.douban.com/subject/20514888/,https://img3.doubanio.com/lpic/s24611375.jpg

创造哈利·波特的世界：故事,9.5,https://movie.douban.com/subject/20514889/,https://img3.doubanio.com/lpic/s24611376.jpg

博弈论,9.4,https://movie.douban.com/subject/3272459/,https://img3.doubanio.com/lpic/s4495422.jpg

当哈利离别霍格沃茨,9.3,https://movie.douban.com/subject/7053733/,https://img3.doubanio.com/view/photo/s_ratio_poster/public/p2155293242.jpg

杰拉德自传,9.3,https://movie.douban.com/subject/1900831/,https://img3.doubanio.com/lpic/s2578246.jpg

主佑我前行,9.2,https://movie.douban.com/subject/2282945/,https://img3.doubanio.com/lpic/s2742702.jpg

清秀佳人第二部,9.2,https://movie.douban.com/subject/5047697/,https://img1.doubanio.com/lpic/s9042667.jpg

哈利·波特系列的50个精彩瞬间,9.1,https://movie.douban.com/subject/6758119/,https://img1.doubanio.com/view/photo/s_ratio_poster/public/p2184324569.jpg

Belle & Sebastian - Fans Only,9.1,https://movie.douban.com/subject/1892826/,https://img3.doubanio.com/lpic/s3160084.jpg

睡美人,9.1,https://movie.douban.com/subject/4603371/,https://img3.doubanio.com/lpic/s4214731.jpg

哈利波特同人音乐剧 第二部,9.0,https://movie.douban.com/subject/6958656/,https://img1.doubanio.com/lpic/s7035829.jpg

自己动手做：英国Rough trade唱片公司的故事,9.0,https://movie.douban.com/subject/5944276/,https://img3.doubanio.com/lpic/s4609863.jpg

荒野求生：威尔·法莱尔特别篇,9.0,https://movie.douban.com/subject/4306370/,https://img3.doubanio.com/f/movie/30c6263b6db26d055cbbe73fe653e29014142ea3/pics/movie/movie_default_large.png

放牛班的春天,9.2,https://movie.douban.com/subject/1291549/,https://img3.doubanio.com/view/photo/s_ratio_poster/public/p1910824951.jpg

请以你的名字呼唤我,9.1,https://movie.douban.com/subject/26799731/,https://img3.doubanio.com/view/photo/s_ratio_poster/public/p2505525050.jpg

芭蕾舞女演员,9.2,https://movie.douban.com/subject/3146309/,https://img3.doubanio.com/lpic/s3180914.jpg

卡门,9.1,https://movie.douban.com/subject/3616168/,https://img3.doubanio.com/lpic/s3676342.jpg

金球,9.0,https://movie.douban.com/subject/3134269/,https://img1.doubanio.com/view/photo/s_ratio_poster/public/p2251344879.jpg

"加油,法国队!",9.0,https://movie.douban.com/subject/3700124/,https://img3.doubanio.com/lpic/s3754010.jpg

德国，一个夏天的童话,9.4,https://movie.douban.com/subject/1896561/,https://img3.doubanio.com/view/photo/s_ratio_poster/public/p2246993443.jpg

温布利：足球回家,9.3,https://movie.douban.com/subject/25698292/,https://img1.doubanio.com/view/photo/s_ratio_poster/public/p2125920068.jpg

放牛班的春天,9.2,https://movie.douban.com/subject/1291549/,https://img3.doubanio.com/view/photo/s_ratio_poster/public/p1910824951.jpg

B级片：西柏林的欲望与声音1979-1989,9.1,https://movie.douban.com/subject/26284536/,https://img1.doubanio.com/view/photo/s_ratio_poster/public/p2232074577.jpg

灿烂人生,9.3,https://movie.douban.com/subject/1291831/,https://img3.doubanio.com/view/photo/s_ratio_poster/public/p1161132422.jpg

请以你的名字呼唤我,9.1,https://movie.douban.com/subject/26799731/,https://img3.doubanio.com/view/photo/s_ratio_poster/public/p2505525050.jpg

卡门,9.1,https://movie.douban.com/subject/3616168/,https://img3.doubanio.com/lpic/s3676342.jpg

三傻大闹宝莱坞,9.1,https://movie.douban.com/subject/3793023/,https://img3.doubanio.com/view/photo/s_ratio_poster/public/p579729551.jpg

芭蕾舞女演员,9.2,https://movie.douban.com/subject/3146309/,https://img3.doubanio.com/lpic/s3180914.jpg

青春禁忌游戏,9.2,https://movie.douban.com/subject/4264111/,https://img3.doubanio.com/lpic/s7063443.jpg

清秀佳人第二部,9.2,https://movie.douban.com/subject/5047697/,https://img1.doubanio.com/lpic/s9042667.jpg

绝不松开我的拳头,9.0,https://movie.douban.com/subject/26199883/,https://img1.doubanio.com/view/photo/s_ratio_poster/public/p2207905589.jpg

爱玛和丹尼尔的夏天,9.2,https://movie.douban.com/subject/2258917/,https://img1.doubanio.com/lpic/s2704847.jpg

请以你的名字呼唤我,9.1,https://movie.douban.com/subject/26799731/,https://img3.doubanio.com/view/photo/s_ratio_poster/public/p2505525050.jpg

克拉姆一家2,9.0,https://movie.douban.com/subject/1775004/,https://img3.doubanio.com/lpic/s1646162.jpg

